{
    "mean": [
        43.035625,
        0.526125,
        166.20147500000002,
        68.36760000000001,
        25.04765,
        8489.35225,
        3.006,
        7.328625,
        0.309875,
        0.21125,
        1.356625,
        4.868625,
        2.894625,
        8.269
    ],
    "scale": [
        14.803753100459863,
        0.4993170179104653,
        10.477221021071141,
        14.839924788892969,
        6.474395105143028,
        3809.2655247330736,
        1.965378843887356,
        1.464541091733175,
        0.4624418713470916,
        0.4081953423301153,
        1.0587462440901503,
        2.8155577794417574,
        1.4856046275422679,
        4.007728658479763
    ],
    "var": [
        219.151105859375,
        0.2493174843749999,
        109.772160324375,
        220.22336774000001,
        41.917791977499995,
        14510503.837919937,
        3.862714,
        2.144880609375,
        0.213852484375,
        0.1666234375,
        1.120943609375,
        7.927365609374999,
        2.2070211093750003,
        16.061889
    ]
}