{"mean": [43.108125, 0.526, 166.23740000000004, 68.33945000000001, 25.0292875, 1.257625, 8493.762, 3.004125, 7.3295, 0.31075, 0.212125, 1.356875, 4.882125, 2.89425, 8.272375], "scale": [14.782149166625773, 0.4993235424051224, 10.461527672381315, 14.812909781589168, 6.476984907527865, 1.3006745785841285, 3816.2479416117603, 1.966877724815399, 1.4683084655480265, 0.4628006455267753, 0.4088128965370344, 1.0587800689354707, 2.8106903928350055, 1.4867134685271401, 4.005737991853062]}